,full data accuracy score,sampled data accuracy score,ROS accuracy score,SMOTE accuracy score,ADASYN accuracy score,CF accuracy score
lg,0.8289508988462571,0.8152246814218645,0.778336686787391,0.7823608316566063,0.778001341381623,0
rf,0.8245908237188087,0.812541918175721,0.7454728370221329,0.8081824279007378,0.8031522468142186,0
xgb,0.8323718808693319,0.8135479543930249,0.7944332662642521,0.8135479543930249,0.8148893360160966,0
